<keymap version="1" name="ME Honorato" parent="VSCode">
  <action id="ActivateCommitToolWindow">
    <keyboard-shortcut first-keystroke="shift ctrl g" />
  </action>
  <action id="ActivateDebugToolWindow">
    <keyboard-shortcut first-keystroke="alt 5" />
  </action>
  <action id="ActivateProjectToolWindow">
    <keyboard-shortcut first-keystroke="ctrl b" />
  </action>
  <action id="ActivateRunToolWindow">
    <keyboard-shortcut first-keystroke="alt 4" />
  </action>
  <action id="ActivateTerminalToolWindow">
    <keyboard-shortcut first-keystroke="ctrl t" />
  </action>
  <action id="ActivateVersionControlToolWindow" />
  <action id="Annotate">
    <keyboard-shortcut first-keystroke="alt b" />
  </action>
  <action id="Back">
    <mouse-shortcut keystroke="button4" />
  </action>
  <action id="CommentByBlockComment">
    <keyboard-shortcut first-keystroke="shift alt a" />
    <keyboard-shortcut first-keystroke="shift ctrl slash" />
  </action>
  <action id="DebugClass">
    <keyboard-shortcut first-keystroke="shift ctrl f11" />
  </action>
  <action id="Documentation.Forward">
    <mouse-shortcut keystroke="button5" />
  </action>
  <action id="DuplicatesForm.SendToLeft" />
  <action id="DuplicatesForm.SendToRight" />
  <action id="EditorDuplicate">
    <keyboard-shortcut first-keystroke="ctrl d" />
  </action>
  <action id="EditorMatchBrace">
    <keyboard-shortcut first-keystroke="shift ctrl back_slash" />
    <keyboard-shortcut first-keystroke="ctrl m" />
  </action>
  <action id="EditorNextWord" />
  <action id="EditorNextWordInDifferentHumpsMode">
    <keyboard-shortcut first-keystroke="ctrl right" />
  </action>
  <action id="EditorPreviousWord" />
  <action id="EditorPreviousWordInDifferentHumpsMode">
    <keyboard-shortcut first-keystroke="ctrl left" />
  </action>
  <action id="EditorToggleCase">
    <keyboard-shortcut first-keystroke="shift ctrl u" />
  </action>
  <action id="FileChooser.GoForward">
    <mouse-shortcut keystroke="button5" />
  </action>
  <action id="FileChooser.GotoHome" />
  <action id="FileChooser.GotoProject" />
  <action id="FileChooser.NewFile" />
  <action id="Forward">
    <mouse-shortcut keystroke="button5" />
  </action>
  <action id="Git.Commit.And.Push.Executor" />
  <action id="GotoBookmark1" />
  <action id="GotoBookmark2" />
  <action id="GotoClass">
    <keyboard-shortcut first-keystroke="ctrl p" />
  </action>
  <action id="GotoFile" />
  <action id="GotoPreviousBookmark">
    <keyboard-shortcut first-keystroke="ctrl alt j" />
  </action>
  <action id="GotoSymbol" />
  <action id="Hg.Commit.And.Push.Executor" />
  <action id="HideSideWindows" />
  <action id="Markdown.Styling.CreateLink" />
  <action id="NewScratchFile">
    <keyboard-shortcut first-keystroke="shift ctrl alt insert" />
    <keyboard-shortcut first-keystroke="ctrl n" />
  </action>
  <action id="NextSplitter">
    <keyboard-shortcut first-keystroke="ctrl 2" />
  </action>
  <action id="NextTab">
    <keyboard-shortcut first-keystroke="alt right" />
  </action>
  <action id="OptimizeImports" />
  <action id="PrevSplitter">
    <keyboard-shortcut first-keystroke="ctrl 1" />
  </action>
  <action id="PreviousTab">
    <keyboard-shortcut first-keystroke="alt left" />
  </action>
  <action id="ReformatCode">
    <keyboard-shortcut first-keystroke="ctrl alt l" />
  </action>
  <action id="Resume">
    <keyboard-shortcut first-keystroke="f9" />
  </action>
  <action id="SelectNextOccurrence">
    <keyboard-shortcut first-keystroke="alt j" />
  </action>
  <action id="ShowSettings">
    <keyboard-shortcut first-keystroke="ctrl alt s" />
  </action>
  <action id="SurroundWithLiveTemplate" />
  <action id="Terminal.CloseSession" />
  <action id="ToggleBookmark">
    <keyboard-shortcut first-keystroke="ctrl alt k" />
  </action>
  <action id="ToggleDistractionFreeMode">
    <keyboard-shortcut first-keystroke="f11" />
  </action>
  <action id="ToggleLineBreakpoint">
    <keyboard-shortcut first-keystroke="ctrl f8" />
  </action>
  <action id="Vcs.ReformatCommitMessage" />
  <action id="org.intellij.plugins.markdown.ui.actions.styling.ToggleBoldAction" />
</keymap>