<keymap version="1" name="Windows Proper Redo" parent="$default">
  <action id="$Redo">
    <keyboard-shortcut first-keystroke="shift ctrl z" />
    <keyboard-shortcut first-keystroke="shift alt back_space" />
    <keyboard-shortcut first-keystroke="ctrl y" />
  </action>
  <action id="CloseContent">
    <keyboard-shortcut first-keystroke="ctrl w" />
  </action>
  <action id="DuplicatesForm.SendToLeft" />
  <action id="DuplicatesForm.SendToRight" />
  <action id="EditorDeleteLine" />
  <action id="EditorSelectWord" />
  <action id="FileChooser.GotoHome" />
  <action id="FileChooser.GotoProject" />
  <action id="FileChooser.NewFolder">
    <keyboard-shortcut first-keystroke="alt insert" />
  </action>
  <action id="FileChooser.TogglePathBar" />
  <action id="GotoBookmark1" />
  <action id="GotoBookmark2" />
  <action id="GotoClass">
    <keyboard-shortcut first-keystroke="ctrl p" />
  </action>
  <action id="NewScratchFile">
    <keyboard-shortcut first-keystroke="ctrl n" />
  </action>
  <action id="NextSplitter">
    <keyboard-shortcut first-keystroke="ctrl 2" />
  </action>
  <action id="ParameterInfo" />
  <action id="PrevSplitter">
    <keyboard-shortcut first-keystroke="ctrl 1" />
  </action>
  <action id="SmartSelect" />
  <action id="UsageFiltering.WriteAccess" />
</keymap>