<application>
  <component name="SonarLintGlobalSettings">
    <option name="focusOnNewCode" value="true" />
    <option name="sonarQubeServers">
      <list>
        <SonarQubeServer>
          <option name="hostUrl" value="https://sonarcloud.io" />
          <token>dfccdfccdf9bdf93df9fdf9fdf9edf98df9fdfcedf92df9fdf9adf9bdf9bdf9ddf9bdfccdfcfdf9bdfccdfc8dfccdf9bdfccdf9ddf99df9adf9ddfccdf9ddfccdf92df9edfcbdf9edf9cdf9ddf9ddf9a</token>
          <option name="name" value="SL :: WES :: Query Service" />
          <organizationKey>totvstfs</organizationKey>
        </SonarQubeServer>
      </list>
    </option>
    <rules />
  </component>
</application>