<application>
  <component name="Trusted.Paths">
    <option name="TRUSTED_PROJECT_PATHS">
      <map>
        <entry key="C:\Users\marcos.honorato\projetos\SL-Documento" value="true" />
        <entry key="C:\Users\marcos.honorato\projetos\SL-EtiquetaQuery" value="true" />
        <entry key="C:\Users\marcos.honorato\projetos\SL-WESCore" value="true" />
        <entry key="C:\Users\marcos.honorato\projetos\SL-WESQuery" value="true" />
        <entry key="C:\Users\marcos.honorato\projetos\SL-WMSArmazenagem" value="true" />
        <entry key="C:\Users\marcos.honorato\projetos\SL-WMSConferenciaRecebimento" value="true" />
        <entry key="C:\Users\marcos.honorato\projetos\SL-WMSEndereco" value="true" />
        <entry key="C:\Users\marcos.honorato\projetos\SL-WMSEstoque" value="true" />
        <entry key="C:\Users\marcos.honorato\projetos\SL-WMSExpedicao" value="true" />
        <entry key="C:\Users\marcos.honorato\projetos\SL-WMSManufatura" value="true" />
        <entry key="C:\Users\marcos.honorato\projetos\SL-WMSQuery" value="true" />
        <entry key="C:\Users\marcos.honorato\projetos\SL-WMSRecebimento" value="true" />
        <entry key="C:\Users\marcos.honorato\projetos\beta" value="true" />
        <entry key="C:\Users\marcos.honorato\projetos\wms" value="true" />
        <entry key="C:\Users\marcos.honorato\projetos\wmspo\main" value="true" />
      </map>
    </option>
  </component>
  <component name="Trusted.Paths.Settings">
    <option name="TRUSTED_PATHS">
      <list>
        <option value="C:\Users\marcos.honorato\projetos\wmspo" />
        <option value="C:\Users\marcos.honorato\projetos" />
      </list>
    </option>
  </component>
</application>