<application>
  <component name="DimensionService">
    <location key="find.popup.0.0.2560.1080" x="653" y="145" />
    <location key="find.popup.1350.1350.1920.1080@120dpi" x="1566" y="1478" />
    <location key="find.popup.0.0.1920.1080@120dpi" x="65" y="154" />
    <location key="find.popup.288.1350.1920.1080@120dpi" x="705" y="1495" />
    <size key="find.popup.0.0.2560.1080" width="1524" height="828" />
    <size key="GridCell.Tab.0.right.0.0.2560.1080" width="2518" height="214" />
    <size key="GridCell.Tab.0.left.0.0.2560.1080" width="2518" height="214" />
    <size key="GridCell.Tab.0.center.0.0.2560.1080" width="2518" height="214" />
    <size key="GridCell.Tab.0.bottom.0.0.2560.1080" width="2518" height="214" />
    <size key="GridCell.Tab.1.left.0.0.2560.1080" width="2518" height="214" />
    <size key="GridCell.Tab.1.center.0.0.2560.1080" width="2518" height="214" />
    <size key="GridCell.Tab.1.right.0.0.2560.1080" width="2518" height="214" />
    <size key="GridCell.Tab.1.bottom.0.0.2560.1080" width="2518" height="214" />
    <size key="GridCell.Tab.0.left.1350.1350.1920.1080@120dpi" width="1869" height="373" />
    <size key="GridCell.Tab.0.center.1350.1350.1920.1080@120dpi" width="1869" height="373" />
    <size key="GridCell.Tab.0.right.1350.1350.1920.1080@120dpi" width="1869" height="373" />
    <size key="GridCell.Tab.0.bottom.1350.1350.1920.1080@120dpi" width="1869" height="373" />
    <size key="GridCell.Tab.1.left.1350.1350.1920.1080@120dpi" width="1869" height="373" />
    <size key="GridCell.Tab.1.center.1350.1350.1920.1080@120dpi" width="1869" height="373" />
    <size key="GridCell.Tab.1.right.1350.1350.1920.1080@120dpi" width="1869" height="373" />
    <size key="GridCell.Tab.1.bottom.1350.1350.1920.1080@120dpi" width="1869" height="373" />
    <size key="find.popup.1350.1350.1920.1080@120dpi" width="1704" height="842" />
    <size key="GridCell.Tab.0.left.0.0.1920.1080@120dpi" width="1868" height="284" />
    <size key="GridCell.Tab.0.center.0.0.1920.1080@120dpi" width="1868" height="284" />
    <size key="GridCell.Tab.0.right.0.0.1920.1080@120dpi" width="1868" height="284" />
    <size key="GridCell.Tab.0.bottom.0.0.1920.1080@120dpi" width="1868" height="284" />
    <size key="find.popup.0.0.1920.1080@120dpi" width="1667" height="818" />
    <size key="GridCell.Tab.1.left.0.0.1920.1080@120dpi" width="1868" height="284" />
    <size key="GridCell.Tab.1.center.0.0.1920.1080@120dpi" width="1868" height="284" />
    <size key="GridCell.Tab.1.right.0.0.1920.1080@120dpi" width="1868" height="284" />
    <size key="GridCell.Tab.1.bottom.0.0.1920.1080@120dpi" width="1868" height="284" />
    <size key="find.popup.288.1350.1920.1080@120dpi" width="1504" height="750" />
    <size key="GridCell.Tab.0.left.288.1350.1920.1080@120dpi" width="1798" height="374" />
    <size key="GridCell.Tab.0.center.288.1350.1920.1080@120dpi" width="1798" height="374" />
    <size key="GridCell.Tab.0.right.288.1350.1920.1080@120dpi" width="1798" height="374" />
    <size key="GridCell.Tab.0.bottom.288.1350.1920.1080@120dpi" width="1798" height="374" />
    <size key="GridCell.Tab.1.left.288.1350.1920.1080@120dpi" width="1798" height="374" />
    <size key="GridCell.Tab.1.center.288.1350.1920.1080@120dpi" width="1798" height="374" />
    <size key="GridCell.Tab.1.right.288.1350.1920.1080@120dpi" width="1798" height="374" />
    <size key="GridCell.Tab.1.bottom.288.1350.1920.1080@120dpi" width="1798" height="374" />
  </component>
  <component name="WindowManager">
    <frame x="-8" y="-8" width="2576" height="1048" extendedState="6" />
  </component>
  <component name="WindowStateApplicationService">
    <state x="1060" y="199" key="FileChooserDialogImpl" timestamp="1745327927423">
      <screen x="0" y="0" width="2560" height="1032" />
    </state>
    <state x="1060" y="199" key="FileChooserDialogImpl/0.0.2560.1032" timestamp="1743170118256" />
    <state x="1060" y="199" key="FileChooserDialogImpl/1080.1080.1536.826/0.0.2560.1032" timestamp="1742223246765" />
    <state x="1060" y="199" key="FileChooserDialogImpl/231.1080.1536.826/0.0.2560.1032" timestamp="1745327927423" />
    <state width="1647" height="255" key="ShowUsagesActions.dimensionServiceKey" timestamp="1745524570031">
      <screen x="0" y="0" width="2560" height="1032" />
    </state>
    <state width="944" height="807" key="ShowUsagesActions.dimensionServiceKey/0.0.1536.816" timestamp="1737031793959" />
    <state width="1939" height="111" key="ShowUsagesActions.dimensionServiceKey/0.0.2560.1032" timestamp="1744942134632" />
    <state width="1332" height="843" key="ShowUsagesActions.dimensionServiceKey/1080.1080.1536.826/0.0.2560.1032" timestamp="1742238353685" />
    <state width="1647" height="255" key="ShowUsagesActions.dimensionServiceKey/231.1080.1536.826/0.0.2560.1032" timestamp="1745524570031" />
    <state x="1280" y="452" width="800" height="650" key="WELCOME_SCREEN" timestamp="1745412664935">
      <screen x="0" y="0" width="2560" height="1032" />
    </state>
    <state x="1280" y="452" width="800" height="650" key="WELCOME_SCREEN/231.1080.1536.826/0.0.2560.1032" timestamp="1745412664935" />
    <state width="300" height="524" key="manage.recent.projects.popup" timestamp="1744911153014">
      <screen x="0" y="0" width="2560" height="1032" />
    </state>
    <state width="300" height="524" key="manage.recent.projects.popup/231.1080.1536.826/0.0.2560.1032" timestamp="1744911153014" />
  </component>
</application>